"STEP","SSR"
"1","step3","4.81751960480354e-07"
"2","step2","0.00792026941630652"
"3","step1","0.0101137982623556"
"4","step0","0.00683682398565107"
