"STEP","SSR"
"1","step3","1.74057943759279e-07"
"2","step2","0.00791902133690212"
"3","step1","0.0324541666666666"
"4","step0","0.00684055985834362"
