"STEP","SSR"
"1","step3","2.62763342910899e-07"
"2","step2","0.00791871424476497"
"3","step1","0.0101125375785622"
"4","step0","0.00684973913470507"
