"STEP","SSR"
"1","step3","3.45083122724863e-07"
"2","step2","0.00792089972938622"
"3","step1","0.0101152077949692"
"4","step0","0.0068364249887623"
