"STEP","SSR"
"1","step4","7.47303223421675e-09"
"2","step3","0.0406694444444444"
"3","step2","0.046228423593205"
"4","step1","0.0458152777777778"
"5","step0","0.00685087260509568"
