"STEP","SSR"
"1","step3","4.06408490972344e-06"
"2","step2","0.00791909863302043"
"3","step1","0.0101137982623556"
"4","step0","0.00683678948449208"
