"STEP","SSR"
"1","step3","5.10303795969167e-05"
"2","step2","0.00794777497033892"
"3","step1","0.0101143413562399"
"4","step0","0.006838504752767"
