"STEP","SSR"
"1","step3","1.62500956024939e-06"
"2","step2","0.00793543571404156"
"3","step1","0.0101129482659601"
"4","step0","0.00684012901893156"
