"STEP","SSR"
"1","step3","2.1707334602739e-07"
"2","step2","0.00791870099475385"
"3","step1","0.0101150805188422"
"4","step0","0.00685167780444095"
